# ************************************************************
# Sequel Pro SQL dump
# Version 4096
#
# http://www.sequelpro.com/
# http://code.google.com/p/sequel-pro/
#
# Host: 127.0.0.1 (MySQL 5.5.33)
# Database: celiactracker
# Generation Time: 2014-06-01 23:01:41 +0000
# ************************************************************


/*!40101 SET @OLD_CHARACTER_SET_CLIENT=@@CHARACTER_SET_CLIENT */;
/*!40101 SET @OLD_CHARACTER_SET_RESULTS=@@CHARACTER_SET_RESULTS */;
/*!40101 SET @OLD_COLLATION_CONNECTION=@@COLLATION_CONNECTION */;
/*!40101 SET NAMES utf8 */;
/*!40014 SET @OLD_FOREIGN_KEY_CHECKS=@@FOREIGN_KEY_CHECKS, FOREIGN_KEY_CHECKS=0 */;
/*!40101 SET @OLD_SQL_MODE=@@SQL_MODE, SQL_MODE='NO_AUTO_VALUE_ON_ZERO' */;
/*!40111 SET @OLD_SQL_NOTES=@@SQL_NOTES, SQL_NOTES=0 */;


# Dump of table gluten
# ------------------------------------------------------------

DROP TABLE IF EXISTS `gluten`;

CREATE TABLE `gluten` (
  `id` int(11) unsigned NOT NULL AUTO_INCREMENT,
  `name` varchar(256) DEFAULT NULL,
  `ingredients` varchar(3000) DEFAULT NULL,
  `userId` int(15) DEFAULT NULL,
  PRIMARY KEY (`id`)
) ENGINE=InnoDB DEFAULT CHARSET=latin1;

LOCK TABLES `gluten` WRITE;
/*!40000 ALTER TABLE `gluten` DISABLE KEYS */;

INSERT INTO `gluten` (`id`, `name`, `ingredients`, `userId`)
VALUES
	(21,'World Renowned Soup, Jambalaya','Chicken Broth, Shrimp (Shrimp, Water, Tripolyphosphate, Hexametaphosphate, Salt, Citric Acid, Sodium Bisulfate), Sausage (Pork, Water, Salt, Paprika, Spices, and Flavoring, Sodium Nitrate), Bell Pepper, Water, Tomatoes (Tomatoes, Tomato Juice, Salt, Calciu',70),
	(25,'Big Mac','100% Beef Patty 100% Pure USDA Inspected Beef; No Fillers, No Extenders. Prepared with Grill Seasoning (Salt, Black Pepper). Big Mac Bun Allergens: WHEAT, SOY LECITHIN Enriched Flour (Bleached Wheat Flour, Malted Barley Flour, Niacin, Reduced Iron, Thiamin Mononitrate, Riboflavin, Folic Acid), Water, High Fructose Corn Syrup and/or Sugar, Soybean Oil and/or Canola Oil, Contains 2% Or Less: Salt, Calcium Sulfate, Calcium Carbonate, Wheat Gluten, Ammonium Sulfate, Ammonium Chloride, Dough Conditioners (May Contain One or More Of: Sodium Stearoyl Lactylate, DATEM, Ascorbic Acid, Azodicarbonamide, Mono and Diglycerides, Ethoxylated Monoglycerides, Monocalcium Phosphate, Enzymes, Guar Gum, Calcium Peroxide), Calcium Propionate and/or Sodium Propionate (Preservatives), Soy Lecithin, Sesame Seed. CONTAINS: WHEAT, SOY LECITHIN Pasteurized Process American Cheese Allergens: MILK AND SOY LECITHIN Milk, Cream, Water, Cheese Culture, Sodium Citrate, Contains 2% or Less of: Salt, Citric Acid, Sodium Phosphate, Sorbic Acid (Preservative), Lactic Acid, Acetic Acid, Enzymes, Sodium Pyrophosphate, Natural Flavor (Dairy Source), Color Added, Soy Lecithin (Added for Slice Separation). CONTAINS: MILK AND SOY LECITHIN. Big Mac Sauce Allergens: WHEAT, EGG AND SOY Soybean Oil, Pickle Relish (Diced Pickles, High Fructose Corn Syrup, Sugar, Vinegar, Corn Syrup, Salt, Calcium Chloride, Xanthan Gum, Potassium Sorbate [Preservative], Spice Extractives, Polysorbate 80), Distilled Vinegar, Water, Egg Yolks, High Fructose Corn Syrup, Onion Powder, Mustard Seed, Salt, Spices, Propylene Glycol Alginate, Sodium Benzoate (Preservative), Mustard Bran, Sugar, Garlic Powder, Vegetable Protein (Hydrolyzed Corn, Soy and Wheat), Caramel Color, Extractives of Paprika, Soy Lecithin, Turmeric (Color), Calcium Disodium EDTA (Protect Flavor). CONTAINS: WHEAT, EGG AND SOY Shredded Lettuce Pickle Slices Cucumbers, Water, Distilled Vinegar, Salt, Calcium Chloride, Alum, Potassium Sorbate (Preservative), Natural Flavors (Plant Source), Polysorbate 80, Extractives of Turmeric (Color). Onions Chopped onions.',70),
	(27,'Cookie Pie, Lemon, Midi','Butter, Sugar, Eggs, Lemon Juice, Corn Starch, Carob Bean Gum, Cellulose Gum, Agar, Salt, and Cookie (Flour, Sugar, Eggs, Palm Oil, Milk, Lemon Zest, Lemon Juice, Baking Soda (Sodium Bicarbonate).</p><p>Contains: eggs, milk, wheat. Made in a facility that processes tree nuts, peanuts, wheat, milk, eggs, and soy.',70),
	(28,'Big Mac','100% Beef Patty 100% Pure USDA Inspected Beef; No Fillers, No Extenders. Prepared with Grill Seasoning (Salt, Black Pepper). Big Mac Bun Allergens: WHEAT, SOY LECITHIN Enriched Flour (Bleached Wheat Flour, Malted Barley Flour, Niacin, Reduced Iron, Thiamin Mononitrate, Riboflavin, Folic Acid), Water, High Fructose Corn Syrup and/or Sugar, Soybean Oil and/or Canola Oil, Contains 2% Or Less: Salt, Calcium Sulfate, Calcium Carbonate, Wheat Gluten, Ammonium Sulfate, Ammonium Chloride, Dough Conditioners (May Contain One or More Of: Sodium Stearoyl Lactylate, DATEM, Ascorbic Acid, Azodicarbonamide, Mono and Diglycerides, Ethoxylated Monoglycerides, Monocalcium Phosphate, Enzymes, Guar Gum, Calcium Peroxide), Calcium Propionate and/or Sodium Propionate (Preservatives), Soy Lecithin, Sesame Seed. CONTAINS: WHEAT, SOY LECITHIN Pasteurized Process American Cheese Allergens: MILK AND SOY LECITHIN Milk, Cream, Water, Cheese Culture, Sodium Citrate, Contains 2% or Less of: Salt, Citric Acid, Sodium Phosphate, Sorbic Acid (Preservative), Lactic Acid, Acetic Acid, Enzymes, Sodium Pyrophosphate, Natural Flavor (Dairy Source), Color Added, Soy Lecithin (Added for Slice Separation). CONTAINS: MILK AND SOY LECITHIN. Big Mac Sauce Allergens: WHEAT, EGG AND SOY Soybean Oil, Pickle Relish (Diced Pickles, High Fructose Corn Syrup, Sugar, Vinegar, Corn Syrup, Salt, Calcium Chloride, Xanthan Gum, Potassium Sorbate [Preservative], Spice Extractives, Polysorbate 80), Distilled Vinegar, Water, Egg Yolks, High Fructose Corn Syrup, Onion Powder, Mustard Seed, Salt, Spices, Propylene Glycol Alginate, Sodium Benzoate (Preservative), Mustard Bran, Sugar, Garlic Powder, Vegetable Protein (Hydrolyzed Corn, Soy and Wheat), Caramel Color, Extractives of Paprika, Soy Lecithin, Turmeric (Color), Calcium Disodium EDTA (Protect Flavor). CONTAINS: WHEAT, EGG AND SOY Shredded Lettuce Pickle Slices Cucumbers, Water, Distilled Vinegar, Salt, Calcium Chloride, Alum, Potassium Sorbate (Preservative), Natural Flavors (Plant Source), Polysorbate 80, Extractives of Turmeric (Color). Onions Chopped onions.',71),
	(30,'Bread, Italian','Enriched Wheat Flour [Flour, Barley Malt, Ferrous Sulfate (Iron), B Vitamins (Niacin, Thiamine Mononitrate (B1), Riboflavin (B2), Folic Acid)], Water, Wheat Gluten, Yeast, Soy Fiber, Oat Fiber, Cottonseed Fiber, High Fructose Corn Syrup. Contains 2% or Less of: Salt, Sesame Seeds, Extracts of Malted Barley and Corn Grits, Dough Conditioners (May Contain: Ethoxylated Mono and Diglycerides, Sodium Stearoyl Lactylate, Dicalcium Phosphate, Calcium Dioxide, Mono and Diglycerides and/or Datem), Soy Flour, Cellulose Gum, Yeast Nutrient (May Contain Ammonium Sulfate, Ammonium Phosphate, Monocalcium Phosphate, Calcium Carbonate, and/or Ammonium Chloride), Wheat Starch, Cornstarch, Calcium Sulfate, Vinegar, Enzymes, Natural Flavor (Contains Soy Protein Isolate, Eggs), Calcium Propionate (to Retain Freshness), Whey, Soy Lecithin.</p><p>Contains wheat, milk, soybeans, and egg.',72),
	(31,'Cookie Pie, Pecan','Brown Sugar, Pecans, Eggs, Corn Syrup, Butter, Vanilla and Cookie (Flour, Sugar, Butter, Eggs, Palm Oil, Cocoa Powder, Milk, Baking Soda (Sodium Bicarbonate)).</p><p>Contains: milk, wheat, eggs, tree nuts. Made in a facility that processes tree nuts, peanuts, wheat, milk, eggs, and soy.',69),
	(32,'Sparkling Spring Water, Diet, Black Raspberry','Carbonated Spring Water, Natural Flavors, Marion Blackberry Juice Concentrate, Malic Acid, Sucralose (Splenda Brand), Potassium Benzoate to Ensure Freshness, Ascorbic Acid (Vitamin C) and Vitamin E Acetate.',73),
	(33,'Premium Ice Cream, Cookies & Cream','Milk, Cream, Corn Syrup, Liquid Sugar, Crushed Creme Filled Cookies (Sugar, Enriched Flour [Wheat Flour, Niacin, Reduced Iron, Thiamine Mononitrate, Riboflavin, Folic Acid], Vegetable Oil Shortening [Hydrogenated Soybean and/or Cottonseed Oils], Cocoa [Processed with Alkali], High Fructose Corn Syrup, Corn Flour, Salt, Dextrose, Sodium Bicarbonate, Soy Lecithin, Natural Flavor), Skim Milk, Buttermilk, Milkfat, Whey, Water, Vanilla Extract, Mono and Diglycerides, Cellulose Gum, Guar Gum, Carrageenan, Dextrose.</p><p>Allergens: Contains milk, soy and wheat.',69);

/*!40000 ALTER TABLE `gluten` ENABLE KEYS */;
UNLOCK TABLES;


# Dump of table glutenfree
# ------------------------------------------------------------

DROP TABLE IF EXISTS `glutenfree`;

CREATE TABLE `glutenfree` (
  `id` int(11) unsigned NOT NULL AUTO_INCREMENT,
  `name` varchar(256) DEFAULT NULL,
  `ingredients` varchar(3000) DEFAULT NULL,
  `user_id` varchar(15) DEFAULT NULL,
  PRIMARY KEY (`id`),
  KEY `username` (`user_id`)
) ENGINE=InnoDB DEFAULT CHARSET=latin1;

LOCK TABLES `glutenfree` WRITE;
/*!40000 ALTER TABLE `glutenfree` DISABLE KEYS */;

INSERT INTO `glutenfree` (`id`, `name`, `ingredients`, `user_id`)
VALUES
	(48,'Bar \"B\" \"Q\" Sauce, Original Sweet & Smoky Flavor','Tomato Paste, Water, Sugar, Vinegar, Dextrose, Salt, Liquid Smoke, Worcestershire Sauce, Spices and Sodium Benzoate As A Preservative.','70'),
	(49,'Bar \"B\" \"Q\" Sauce, Western Style Spicy Smokehouse Flavor','Tomato Paste, Water, Sugar, Vinegar, Dextrose, Salt, Liquid Smoke, Minced Onion, Worcestershire Sauce, Spices, Cayenne Pepper, and Sodium Benzoate As A Preservative.','70'),
	(50,'Seasoning, Flavor Enhancer and All Purpose','Salt, Pepper, Garlic, Chile Powder, Meat Tenderizer, Red Pepper, and Calcium Stearate to Prevent Caking.','70'),
	(57,'Flavor Enhancer & All Purpose Seasoning','Salt, Pepper, Garlic, Chile Powder, Tenderizer, Red Pepper, Other Natural Spices, and Calcium Stearate to Prevent Caking.','70'),
	(59,'Candies, Skittles/Starburst Original Treat Size Packs','Starburst Original: Corn Syrup, Sugar, Hydrogenated Palm Kernel Oil, Fruit Juice from Concentrate (Apple, Lemon, Strawberry, Orange, Cherry), Less Than 2% of: Citric Acid, Tapioca Dextrose, Gelatin, Modified Corn Starch, Natural And Artificial Flavors, Asc','70'),
	(60,'Cookies','Wheat Flour, Sugar, Vegetable Oils (Contains One or More of Soy Bean Oil, Sunflower Oil, Canola Oil, Palm Oil), Brown Sugar, Leavening (Sodium Bicarbonate), Soy Flour, Salt, Spice (Cinnamon).</p><p>Contains: wheat, soya.','70'),
	(69,'Sparkling Spring Water, Diet,Harvest Peach','Carbonated Spring Water, Natural Flavors, Peach Juice Concentrate, Malic Acid, Sucralose (Splenda Brand), Potassium Benzoate to Ensure Freshness, Ascorbic Acid (Vitamin C) and Vitamin E Acetate.','71'),
	(71,'Hotel & Restaurant Rye Bread','Enriched Wheat Flour (Flour, Barley Malt, Ferrous Sulfate (Iron) B Vitamins (Niacin, Thiamine Mononitrate (B1), Riboflavin (B2), Folic Acid), Water, Rye Flour, Yeast, contains 2% or less of: Wheat Gluten, Soybean Oil, Salt, Caraway Seed, Dough Conditioners (Sodium Stearoyl Lactylate, Potassium Bromate), Mono- and Diglycerides, Datem, Ground Caraway, Vinegar, Malic Acid, Acetic Acid, Lactic Acid, Spices, Natural Flavors, Calcium Propionate (to retain freshness).','72'),
	(72,'Apple','Apples, Flour, Water, High Fructose Corn Syrup, Partially Hydrogenated Vegetable Shortening (Soybean Oil and/or Cottonseed Oil With Soy Lecithin, Margarine Liquid and Partially Hydrogenated Soybean Oil, Water, Salt, No Fat Milk, Vegetable Mono- and Diglycerides, Soy Lecithin, Sodium Benzoate and Potassium Sorbate Added as Preservatives, Calcium Disodium EDTA and Citric Acid Added to Protect Flavor, Artificial Flavor, Artificial Coloring, Beta Carotene, Annatto, Tumeric, Vitamin A Palmitate and Vitamin D), Sugar, Brown Sugar, Contains 2% or Less of Each of the Following: Modified Cornstarch, Corn Syrup, Salt, Whey, Dextrose, Cinnamon, Sodium Bicarbonate, Sodium Caseinate (a Milk Derivative), Calcium Sulfate, Nonfat Milk, Sodium Benzoate (Preserves Freshness).','72'),
	(73,'Clotted Cream, English Luxury','Pasteurized Clotted Cream, from Cow\'s Milk.','73');

/*!40000 ALTER TABLE `glutenfree` ENABLE KEYS */;
UNLOCK TABLES;


# Dump of table searchHistory
# ------------------------------------------------------------

DROP TABLE IF EXISTS `searchHistory`;

CREATE TABLE `searchHistory` (
  `id` int(11) unsigned NOT NULL AUTO_INCREMENT,
  `name` varchar(256) DEFAULT NULL,
  `ingredients` varchar(3000) DEFAULT NULL,
  `userId` int(15) DEFAULT NULL,
  PRIMARY KEY (`id`)
) ENGINE=InnoDB DEFAULT CHARSET=latin1;

LOCK TABLES `searchHistory` WRITE;
/*!40000 ALTER TABLE `searchHistory` DISABLE KEYS */;

INSERT INTO `searchHistory` (`id`, `name`, `ingredients`, `userId`)
VALUES
	(3,'Sushi Nori','Nori Porphyra Tenera.</p><p>May contain a trace amount of crustacean shellfish.',70),
	(4,'Fries','Enriched Corn Meal (Corn Meal, Ferrous Sulfate, Niacin, Thiamin Mononitrate, Riboflavin, and Folic Acid), Vegetable Oil (Contains One or More of the Following: Corn, Soybean, or Sunflower Oil), Potato Flakes, Salt, Cheddar Cheese (Milk, Cheese Cultures, Salt, Enzymes), Whey, Modified Food Starch, Buttermilk Solids, Tomato Powder, Monosodium Glutamate, Romano Cheese from Cow\'s Milk (Cultured Part Skim Milk, Salt, Enzymes), Whey Protein Concentrate, Partially Hydrogenated Soybean and Cottonseed Oil, Onion Powder, Artificial Color (Including Red 40 Lake, Yellow 6 Lake, Yellow 6), Disodium Phosphate, Natural Flavors, Garlic Powder, Lactic Acid, Sugar, Citric Acid, Disodium Inosinate, and Disodium Guanylate.</p><p>Contains milk ingredients.',69),
	(5,'Ginger, Sushi','Ginger, Water, Salt, Acetic Acid, Citric Acid, Aspartame, Potassium Sorbate (Preservative), and FD&C Red 40.</p><p>Phenylketonurics: Contains phenylalanine.',69),
	(6,'Big Mac','100% Beef Patty 100% Pure USDA Inspected Beef; No Fillers, No Extenders. Prepared with Grill Seasoning (Salt, Black Pepper). Big Mac Bun Allergens: WHEAT, SOY LECITHIN Enriched Flour (Bleached Wheat Flour, Malted Barley Flour, Niacin, Reduced Iron, Thiamin Mononitrate, Riboflavin, Folic Acid), Water, High Fructose Corn Syrup and/or Sugar, Soybean Oil and/or Canola Oil, Contains 2% Or Less: Salt, Calcium Sulfate, Calcium Carbonate, Wheat Gluten, Ammonium Sulfate, Ammonium Chloride, Dough Conditioners (May Contain One or More Of: Sodium Stearoyl Lactylate, DATEM, Ascorbic Acid, Azodicarbonamide, Mono and Diglycerides, Ethoxylated Monoglycerides, Monocalcium Phosphate, Enzymes, Guar Gum, Calcium Peroxide), Calcium Propionate and/or Sodium Propionate (Preservatives), Soy Lecithin, Sesame Seed. CONTAINS: WHEAT, SOY LECITHIN Pasteurized Process American Cheese Allergens: MILK AND SOY LECITHIN Milk, Cream, Water, Cheese Culture, Sodium Citrate, Contains 2% or Less of: Salt, Citric Acid, Sodium Phosphate, Sorbic Acid (Preservative), Lactic Acid, Acetic Acid, Enzymes, Sodium Pyrophosphate, Natural Flavor (Dairy Source), Color Added, Soy Lecithin (Added for Slice Separation). CONTAINS: MILK AND SOY LECITHIN. Big Mac Sauce Allergens: WHEAT, EGG AND SOY Soybean Oil, Pickle Relish (Diced Pickles, High Fructose Corn Syrup, Sugar, Vinegar, Corn Syrup, Salt, Calcium Chloride, Xanthan Gum, Potassium Sorbate [Preservative], Spice Extractives, Polysorbate 80), Distilled Vinegar, Water, Egg Yolks, High Fructose Corn Syrup, Onion Powder, Mustard Seed, Salt, Spices, Propylene Glycol Alginate, Sodium Benzoate (Preservative), Mustard Bran, Sugar, Garlic Powder, Vegetable Protein (Hydrolyzed Corn, Soy and Wheat), Caramel Color, Extractives of Paprika, Soy Lecithin, Turmeric (Color), Calcium Disodium EDTA (Protect Flavor). CONTAINS: WHEAT, EGG AND SOY Shredded Lettuce Pickle Slices Cucumbers, Water, Distilled Vinegar, Salt, Calcium Chloride, Alum, Potassium Sorbate (Preservative), Natural Flavors (Plant Source), Polysorbate 80, Extractives of Turmeric (Color). Onions Chopped onions.',69),
	(7,'Chicken Tacos','',69),
	(8,'Assorted Sushi','',70),
	(10,'Cookies','Wheat Flour, Sugar, Vegetable Oils (Contains One or More of Soy Bean Oil, Sunflower Oil, Canola Oil, Palm Oil), Brown Sugar, Leavening (Sodium Bicarbonate), Soy Flour, Salt, Spice (Cinnamon).',70),
	(11,'Cereal','Rice, Sugar, Hydrogenated Vegetable Oil (Coconut and Palm Kernel Oils), Salt, Contains Less than 0.5% of Natural and Artificial Flavor, Red 40, Yellow 6, Turmeric Oleoresin (Color), Blue 1, Yellow 5, Blue 2, BHA (to Help Protect Flavor). Vitamins and Minerals: Sodium Ascorbate (Source of Vitamin C), Ascorbic Acid (Vitamin C), Niacinamide, Reduced Iron, Zinc Oxide (Source of Zinc), Vitamin B6, Vitamin A Palmitate, Riboflavin (Vitamin B2), Thiamin Mononitrate (Vitamin B1), Folic Acid, Vitamin D, Vitamin B12.',70),
	(13,'Bread','',70),
	(14,'Yogurt, plain, whole milk, 8 grams protein per 8 ounce - 0.5 container (4 oz) - 0.5 container (4 oz)','',70),
	(16,'Cookie Pie, Lemon, Midi','Butter, Sugar, Eggs, Lemon Juice, Corn Starch, Carob Bean Gum, Cellulose Gum, Agar, Salt, and Cookie (Flour, Sugar, Eggs, Palm Oil, Milk, Lemon Zest, Lemon Juice, Baking Soda (Sodium Bicarbonate).</p><p>Contains: eggs, milk, wheat. Made in a facility that processes tree nuts, peanuts, wheat, milk, eggs, and soy.',70),
	(19,'Cookie Pie, Chocolate','Heavy Cream, Dark Chocolate (Cocoa Mass, Sugar, Cocoa Butter, Soya Lecithin - an Emulsifier, Vanilla), Eggs, Sugar, Butter, Corn Starch, Salt, and Cookie (Flour, Sugar, Butter, Eggs, Palm Oil, Milk, Cocoa Powder, Baking Soda (Sodium Bicarbonate)).</p><p>Contains: soy, milk, wheat, eggs. Made in a facility that processes tree nuts, peanuts, wheat, milk, eggs, soy.',69),
	(20,'Pie, Banana Creme Pie','Water, Enriched Flour (Flour, Niacin, Reduced Iron, Thiamine Mononitrate, Riboflavin, Folic Acid), Sugar, Partially Hydrogenated Palm Kernel Oil, Food Starch-Modified, Banana Puree (Bananas, Citric Acid, Ascorbic Acid), Contains Less Than 2% of: Margarine (Liquid and Partially Hydrogenated Soybean Oil, Water, Sodium Benzoate, Artificial Flavors, Beta Carotene, Vitamin A Palmitate), Egg Yolks, Dextrose, Sodium Caseinate (A Milk Derivative), Soy Protein Concentrate, Polysorbate 60, Salt, Natural and Artificial Flavor, Artificial Color (Yellow 5, Yellow 6), Carbohydrate Gum, Potassium Sorbate, Polyglycerol Esters of Fatty Acids, Xanthan Gum, Calcium Propionate. Contains Wheat, Soy, Milk, Egg. Manufactured On Shared Equipment That Processes Tree Nuts.',69),
	(21,'Pie, Banana Creme Pie','Water, Enriched Flour (Flour, Niacin, Reduced Iron, Thiamine Mononitrate, Riboflavin, Folic Acid), Sugar, Partially Hydrogenated Palm Kernel Oil, Food Starch-Modified, Banana Puree (Bananas, Citric Acid, Ascorbic Acid), Contains Less Than 2% of: Margarine (Liquid and Partially Hydrogenated Soybean Oil, Water, Sodium Benzoate, Artificial Flavors, Beta Carotene, Vitamin A Palmitate), Egg Yolks, Dextrose, Sodium Caseinate (A Milk Derivative), Soy Protein Concentrate, Polysorbate 60, Salt, Natural and Artificial Flavor, Artificial Color (Yellow 5, Yellow 6), Carbohydrate Gum, Potassium Sorbate, Polyglycerol Esters of Fatty Acids, Xanthan Gum, Calcium Propionate. Contains Wheat, Soy, Milk, Egg. Manufactured On Shared Equipment That Processes Tree Nuts.',70),
	(22,'Cookie Pie, Raspberry','Raspberries, Sugar, Water, Pecitin, and Cookie (Flour, Sugar, Butter, Eggs, Palm Oil, Milk, Vanilla, Beet Food Coloring, Baking Powder (Sodium Acid Pyrophosphate, Sodium Bicarbonate, Corn Starch, Monocalcium Phosphate)).</p><p>Contains: milk, wheat, eggs. Made in a facility that processes tree nuts, peanuts, wheat, milk, eggs, and soy.',70),
	(23,'Cookie Pie, Peanut Butter, Midi','Milk Chocolate (Sugar, Cocoa Butter, Chocolate Liquor, Milk, Soya Lecithin - an Emulsifier, Vanilla), Peanut Butter, Heavy Cream, Corn Syrup, Vanilla, and Cookie (Flour, Sugar, Butter, Eggs, Palm Oil, Cocoa Powder, Milk, Baking Soda (Sodium Bicarbonate)).</p><p>Contains: peanuts, soy, milk, wheat, eggs. Made in a facility that processes tree nuts, peanuts, wheat, milk, eggs, and soy.',70),
	(28,'Cookie Pie, Lemon, Midi','Butter, Sugar, Eggs, Lemon Juice, Corn Starch, Carob Bean Gum, Cellulose Gum, Agar, Salt, and Cookie (Flour, Sugar, Eggs, Palm Oil, Milk, Lemon Zest, Lemon Juice, Baking Soda (Sodium Bicarbonate).</p><p>Contains: eggs, milk, wheat. Made in a facility that processes tree nuts, peanuts, wheat, milk, eggs, and soy.',70),
	(29,'Starbucks&reg; Iced Coffee + Milk','',70),
	(30,'Starbucks&reg; Vanilla Iced Coffee','',70),
	(31,'Starbucks Refreshers&trade; Raspberry Pomegranate','',69),
	(32,'Starbucks&reg; Discoveries-Caramel Macchiato','',70),
	(33,'Seasoning, Flavor Enhancer and All Purpose','Salt, Pepper, Garlic, Chile Powder, Meat Tenderizer, Red Pepper, and Calcium Stearate to Prevent Caking.',70),
	(36,'Fruit Pie, Real, Cherry','Wheat Flour {Whole Wheat Flour and Enriched Flour (Niacin, Reduced Iron, Thiamin Mononitrate, Riboflavin, Folic Acid)}, High Fructose Corn Syrup, Corn Syrup, Cherries, Partially Hydrogenated Vegetable and/or Animal Shortening (May Contain Soybean Oil, Cottonseed Oil or Beef Fat), Water, Sugar, Tapioca Starch-Modified, Contains 2% or Less of the Following: Salt, Glycerine, Mono and Diglycerides, Dextrose, Sodium Stearoyl Lactylate, Corn Syrup Solids, Corn Starch, Agar Agar, Calcium Carbonate, Calcium Sulfate, Carboxymethyl Cellulose, Citric Acid, Sodium Propionate, Sodium Benzoate (to Retard Spoilage), Soybean Lecithin, Maltodextrin, Natural and Artificial Flavors, Red 40.</p><p>Allergen Information: Contains: wheat and soy. May contain pits.',70),
	(38,'Cookie Pie, Lemon, Midi','Butter, Sugar, Eggs, Lemon Juice, Corn Starch, Carob Bean Gum, Cellulose Gum, Agar, Salt, and Cookie (Flour, Sugar, Eggs, Palm Oil, Milk, Lemon Zest, Lemon Juice, Baking Soda (Sodium Bicarbonate).</p><p>Contains: eggs, milk, wheat. Made in a facility that processes tree nuts, peanuts, wheat, milk, eggs, and soy.',69),
	(40,'Peach Pie','',70),
	(41,'Pie, No Bake Chocolate Cream','Topping: Sugar, Dextrose, Partially Hydrogenated Vegetable Oils (Palm Kernel and Soybean Oils), Corn Syrup Solids, Propylene Glycol Monostearate, Sodium Caseinate, Mono and Diglycerides, Sodium Alginate, Microcrystalline Cellulose, Hydroxypropyl Methylcellulose, Sodium Phosphate, Artificial Flavor, Yellow 5 and 6. Filling: Sugar, Corn Starch-Modified, Cocoa Processed With Alkali, Sodium Phosphates (For Proper Set), Partially Hydrogenated Soybean Oil, Salt, Calcium Sulfate, Mono and Diglycerides, Natural and Artificial Flavor, Yellow 6, Yellow 5, Red 3, Blue 1, Wheat Starch. Pie Shell: Enriched Flour (Wheat Flour, Niacin, Reduced Iron, Thiamin Mononitrate, Riboflavin, Folic Acid0, Sugar, Partially Hydrogenated Soybean and/Or Cottonseed Oils, Cocoa, Corn Syrup, Contains Two Percent Or Less of Molasses, Salt, Semisweet Chocolate (Sugar, Chocolate Liquor, Cocoa Butter, Butterfat, Soy Lecithin, Artificial Flavor, Nonfat Milk), Malt, Cornstarch, Leavening (Baking Soda, Sodium Acid Pyrophosphate, Monocalcium Phosphate), Soy Lecithin, Tbhq (Added to Preserve Freshness). Contains Milk, Wheat and Soy.',70),
	(42,'Raspberry Pie','',70),
	(43,'Kit Kat Crisp Wafers in Milk Chocolate Snack Size','Sugar, Wheat Flour, Cocoa Butter, Nonfat Milk, Chocolate, Refined Kernel Oil, Lactose (Milk), Milk Fat, Contains 2% or Less of: Soy Lecithin, PGPR (Emulsifier), Yeast, Artificial Flavor, Salt and Sodium Bicarbonate.</p><p>Allergy Information: Manufactured in a facility that processes peanuts.',69),
	(44,'Kit Kat','Sugar, Wheat Flour, Cocoa Butter, Nonfat Milk, Chocolate, Refined, Palm Kernel Oil, Lactose (Milk) Fat, Contains 2% or less of: Soy Lecithin, PGPR (Emulsifier), Yeast, Artificial Flavor, Salt, and Sodium Bicarbonate</p><p>Allergy Information: Manufactured in a facility that processes peanuts.',69),
	(45,'Skittles, Original, Natural & Artificial Flavor','Sugar, Corn Syrup, Hydrogenated Palm Kernel Oil, Apple Juice from Concentrate, Less than 2% Citric Acid, Dextrin, Modified Corn Starch, Natural and Artificial Flavors, Coloring (Includes Yellow 6 Lake, Red 40 Lake, Yellow 5 Lake, Blue 2 Lake, Yellow 5, Red 40, Yellow 6, Blue 1 Lake, Blue 1), Ascorbic Acid (Vitamin C). Gluten free.',69),
	(46,'King Jr.&trade; Cheeseburger','',70),
	(47,'Fruit Pie, Real, Cherry','Wheat Flour {Whole Wheat Flour and Enriched Flour (Niacin, Reduced Iron, Thiamin Mononitrate, Riboflavin, Folic Acid)}, High Fructose Corn Syrup, Corn Syrup, Cherries, Partially Hydrogenated Vegetable and/or Animal Shortening (May Contain Soybean Oil, Cottonseed Oil or Beef Fat), Water, Sugar, Tapioca Starch-Modified, Contains 2% or Less of the Following: Salt, Glycerine, Mono and Diglycerides, Dextrose, Sodium Stearoyl Lactylate, Corn Syrup Solids, Corn Starch, Agar Agar, Calcium Carbonate, Calcium Sulfate, Carboxymethyl Cellulose, Citric Acid, Sodium Propionate, Sodium Benzoate (to Retard Spoilage), Soybean Lecithin, Maltodextrin, Natural and Artificial Flavors, Red 40.</p><p>Allergen Information: Contains: wheat and soy. May contain pits.',69),
	(48,'Pie, Chocolate Nut','Sugar, Enriched Wheat Flour (Wheat Flour, Niacin, Reduced Iron, Thiamin Mononitrate, Riboflavin, Folic Acid, Malted Barley Flour), Margarine (Liquid Soybean Oil & Partially Hydrogenated Soybean Oil, Water, Salt, Whey, Soy Lecithin, Sodium Benzoate & Citric Acid as Preservatives, Vegetable Mono & Diglycerides, Artificial Flavor, Colored with Beta Carotene, Vitamin A (Palmitate) Added), Walnuts, Eggs, Partially Hydrogenated Soybean & Cottonseed Oil, Semi-Sweet Chocolate (Sugar, Chocolate, Cocoa Butter, Butterfat, Soy Lecithin, Vanillin (Artificial Flavoring)), Butter (Milk & Salt), Vanilla Extract (Water, Alcohol, High Fructose Corn Syrup, Corn Syrup, Propylene Glycol, Vanillin, Caramel Color, Artificial Flavor, Heliotropine), Salt.</p><p>Contains milk, egg, soy, tree nut (walnut) and wheat ingredients.',69),
	(49,'Premium Ice Cream, Cookies & Cream','Milk, Cream, Corn Syrup, Liquid Sugar, Crushed Creme Filled Cookies (Sugar, Enriched Flour [Wheat Flour, Niacin, Reduced Iron, Thiamine Mononitrate, Riboflavin, Folic Acid], Vegetable Oil Shortening [Hydrogenated Soybean and/or Cottonseed Oils], Cocoa [Processed with Alkali], High Fructose Corn Syrup, Corn Flour, Salt, Dextrose, Sodium Bicarbonate, Soy Lecithin, Natural Flavor), Skim Milk, Buttermilk, Milkfat, Whey, Water, Vanilla Extract, Mono and Diglycerides, Cellulose Gum, Guar Gum, Carrageenan, Dextrose.</p><p>Allergens: Contains milk, soy and wheat.',69),
	(52,'Cookie Pie, Raspberry','Raspberries, Sugar, Water, Pecitin, and Cookie (Flour, Sugar, Butter, Eggs, Palm Oil, Milk, Vanilla, Beet Food Coloring, Baking Powder (Sodium Acid Pyrophosphate, Sodium Bicarbonate, Corn Starch, Monocalcium Phosphate)).</p><p>Contains: milk, wheat, eggs. Made in a facility that processes tree nuts, peanuts, wheat, milk, eggs, and soy.',69),
	(55,'Cookie Pie, Peanut Butter, Midi','Milk Chocolate (Sugar, Cocoa Butter, Chocolate Liquor, Milk, Soya Lecithin - an Emulsifier, Vanilla), Peanut Butter, Heavy Cream, Corn Syrup, Vanilla, and Cookie (Flour, Sugar, Butter, Eggs, Palm Oil, Cocoa Powder, Milk, Baking Soda (Sodium Bicarbonate)).</p><p>Contains: peanuts, soy, milk, wheat, eggs. Made in a facility that processes tree nuts, peanuts, wheat, milk, eggs, and soy.',69),
	(56,'Fruit Pie, Real, Cherry','Wheat Flour {Whole Wheat Flour and Enriched Flour (Niacin, Reduced Iron, Thiamin Mononitrate, Riboflavin, Folic Acid)}, High Fructose Corn Syrup, Corn Syrup, Cherries, Partially Hydrogenated Vegetable and/or Animal Shortening (May Contain Soybean Oil, Cottonseed Oil or Beef Fat), Water, Sugar, Tapioca Starch-Modified, Contains 2% or Less of the Following: Salt, Glycerine, Mono and Diglycerides, Dextrose, Sodium Stearoyl Lactylate, Corn Syrup Solids, Corn Starch, Agar Agar, Calcium Carbonate, Calcium Sulfate, Carboxymethyl Cellulose, Citric Acid, Sodium Propionate, Sodium Benzoate (to Retard Spoilage), Soybean Lecithin, Maltodextrin, Natural and Artificial Flavors, Red 40.</p><p>Allergen Information: Contains: wheat and soy. May contain pits.',69),
	(57,'Cookie Pie, Caramel, Midi','Heavy Cream, Milk Chocolate (Sugar, Cocoa Butter, Chocolate Liquor, Milk, Soya Lecithin - an Emulsifier, Vanilla), Eggs, Butter, Corn Syrup, Sugar, Milk, Corn Starch, Brown Sugar, Invert Sugar, Salt, Vanilla, Soya Lecithin - an Emulsifier, and Cookie (Flour, Sugar, Butter, Eggs, Palm Oil, Milk, Cocoa Powder, Baking Soda (Sodium Bicarbonate)).</p><p>Contains: soy, milk, wheat, eggs. Made in a facility that processes tree nuts, peanuts, wheat, milk, eggs, and soy.',69),
	(60,'Fruit Pie, Real, Cherry','Wheat Flour {Whole Wheat Flour and Enriched Flour (Niacin, Reduced Iron, Thiamin Mononitrate, Riboflavin, Folic Acid)}, High Fructose Corn Syrup, Corn Syrup, Cherries, Partially Hydrogenated Vegetable and/or Animal Shortening (May Contain Soybean Oil, Cottonseed Oil or Beef Fat), Water, Sugar, Tapioca Starch-Modified, Contains 2% or Less of the Following: Salt, Glycerine, Mono and Diglycerides, Dextrose, Sodium Stearoyl Lactylate, Corn Syrup Solids, Corn Starch, Agar Agar, Calcium Carbonate, Calcium Sulfate, Carboxymethyl Cellulose, Citric Acid, Sodium Propionate, Sodium Benzoate (to Retard Spoilage), Soybean Lecithin, Maltodextrin, Natural and Artificial Flavors, Red 40.</p><p>Allergen Information: Contains: wheat and soy. May contain pits.',69),
	(63,'Cookie Pie, Pecan','Brown Sugar, Pecans, Eggs, Corn Syrup, Butter, Vanilla and Cookie (Flour, Sugar, Butter, Eggs, Palm Oil, Cocoa Powder, Milk, Baking Soda (Sodium Bicarbonate)).</p><p>Contains: milk, wheat, eggs, tree nuts. Made in a facility that processes tree nuts, peanuts, wheat, milk, eggs, and soy.',69),
	(64,'Pie, Chocolate Nut','Sugar, Enriched Wheat Flour (Wheat Flour, Niacin, Reduced Iron, Thiamin Mononitrate, Riboflavin, Folic Acid, Malted Barley Flour), Margarine (Liquid Soybean Oil & Partially Hydrogenated Soybean Oil, Water, Salt, Whey, Soy Lecithin, Sodium Benzoate & Citric Acid as Preservatives, Vegetable Mono & Diglycerides, Artificial Flavor, Colored with Beta Carotene, Vitamin A (Palmitate) Added), Walnuts, Eggs, Partially Hydrogenated Soybean & Cottonseed Oil, Semi-Sweet Chocolate (Sugar, Chocolate, Cocoa Butter, Butterfat, Soy Lecithin, Vanillin (Artificial Flavoring)), Butter (Milk & Salt), Vanilla Extract (Water, Alcohol, High Fructose Corn Syrup, Corn Syrup, Propylene Glycol, Vanillin, Caramel Color, Artificial Flavor, Heliotropine), Salt.</p><p>Contains milk, egg, soy, tree nut (walnut) and wheat ingredients.',69),
	(72,'Fruit Pie, Real, Cherry','Wheat Flour {Whole Wheat Flour and Enriched Flour (Niacin, Reduced Iron, Thiamin Mononitrate, Riboflavin, Folic Acid)}, High Fructose Corn Syrup, Corn Syrup, Cherries, Partially Hydrogenated Vegetable and/or Animal Shortening (May Contain Soybean Oil, Cottonseed Oil or Beef Fat), Water, Sugar, Tapioca Starch-Modified, Contains 2% or Less of the Following: Salt, Glycerine, Mono and Diglycerides, Dextrose, Sodium Stearoyl Lactylate, Corn Syrup Solids, Corn Starch, Agar Agar, Calcium Carbonate, Calcium Sulfate, Carboxymethyl Cellulose, Citric Acid, Sodium Propionate, Sodium Benzoate (to Retard Spoilage), Soybean Lecithin, Maltodextrin, Natural and Artificial Flavors, Red 40.</p><p>Allergen Information: Contains: wheat and soy. May contain pits.',69),
	(73,'Cookie Pie, Pecan','Brown Sugar, Pecans, Eggs, Corn Syrup, Butter, Vanilla and Cookie (Flour, Sugar, Butter, Eggs, Palm Oil, Cocoa Powder, Milk, Baking Soda (Sodium Bicarbonate)).</p><p>Contains: milk, wheat, eggs, tree nuts. Made in a facility that processes tree nuts, peanuts, wheat, milk, eggs, and soy.',70),
	(74,'Chocolate Candy, Reeses Kit Kat','Sugar, Wheat Flour, Cocoa Butter, Nonfat Milk, Chocolate, Refined Palm Kernel Oil, Lactose (Milk), Milk Fat, Contains 2% Or Less of Soy Lecithin, Pgpr (Emulsifier), Yeast, Artificial Flavor, Salt and Sodium Bicarbonate. Milk Chocolate (Sugar, Cocoa Butter, Chocolate, Nonfat Milk, Milk Fat, Lactose, and Soy Lecithin and Pgpr, Emulsifiers), Peanuts, Sugar, Dextrose, Salt and Tbhq (Preservative). Manufactured In A Facility That Processes Peanuts.',70),
	(75,'Brownie Mix, Supreme, Hershey\'s Frosted','Brownie: Sugar, Enriched Flour Bleached (Wheat Flour, Niacin, Iron, Thiamin Mononitrate, Riboflavin, Folic Acid), Cocoa Processed with Alkali, Corn Syrup, Partially Hydrogenated Soybean and/or Cottonseed Oil, Corn Starch, Salt, Carob Powder, Artificial Flavor, Nonfat Milk. Frosting: Sugar, Partially Hydrogenated Soybean and Cottonseed Oil, Water, High Maltose Corn Syrup, Cocoa Processed with Alkali, Wheat Starch, Contains 2% or Less of: Salt, Distilled Monoglycerides, Polysorbate 60, Natural and Artificial Flavor, Sodium Stearoyl Lactylate, Sodium Acid Pyrophosphate, Citric Acid, Chocolate Liquor, Yeast, Nonfat Milk, Freshness Preserved by Potassium Sorbate.</p><p>Contains wheat and milk ingredients.',70),
	(76,'Hershey\'s, Party Mix','Milk Chocolate (Sugar, Milk, Chocolate, Cocoa Butter, Lactose, Milk Fat, Soy Lecithin And Pgpr, Emulsifiers, And Vanillin, Artificial Flavor. Allergy Information: Manufactured On The Same Equipment That Processes Almonds. Sugar, Wheat Flour, Cocoa Butter, Nonfat Milk, Chocolate, Palm Kernel Oil, Lactose (Milk) Milk Fat, Contains 2% Or Less Of Soy Lecithin, Pgpr, Emulsifier, Vanillin, Artificial Flavor, Salt, Yeast, Sodium Bicarbonate. Allergy Information: Manufactured In A Facility That Also Processes Peanuts',70),
	(77,'Edible Cake Decoration, Barbie','Corn Starch, Corn Syrup Solids, Microcrystalline Cellulose, Sugar, Water, Partially Hydrogenated Canola Oil, Glycerine, Titanium Dioxide (Color), Polyglycerol Ester, Algin, Potassium Sorbate (Preservative), Citric Acid, Locust Bean Gum, Fractionated Coconut Oil, Blue 1 Lake, Blue 2 Lake, Red 3, Red 40 Lake, Yellow 5 Lake, Yellow 6 Lake, Lecithin.',70),
	(78,'Cookies','Flour, Sugar, Water, Starch, Baking Powder, Artificial Flavor.',70),
	(79,'Juice, Raspberry','Crushed Raspberries (not from Concentrate 54%), Crushed Apples (not from Concentrate 32%), Pressed Apple Juice (not from Concentrate 14%), Ascorbic Acid (Vitamin C).',70),
	(80,'Oatmeal','Rolled Oats.',70),
	(81,'World Renowned Soup, Al\'s Garden Vegetable','Water, Tomatoes (Tomatoes, Tomato Juice, Salt, Calcium Chloride & Citric Acid), Carrots, Celery, Brussel Sprouts, Onions, Potatoes, Zucchini, Parsnips, Cauliflower, Spinach, Edamame (Shelled Soybeans), Wax Beans, Turnips, Asparagus), Yellow Squash, Modified Food Starch, Bell Peppers, Tomato Paste, Garlic, Olive Oil, Butter, (Cream, Salt), Salt, Spices, Ginger, Pepper Sauce (Vinegar, Water, Red Peppers, Piquin Peppers, Salt, Spices, Xanthan Gum), Soybean Oil, Maltodextrin, Salt, Disodium Inosinate Guanylate, Natural Flavor, Sugar, Hydrolyzed Plant Protein (Hydrolyzed Corn Protein, Salt, Soybean Oil), Onion Powder.</p><p>Contains soy and milk ingredients.',70),
	(82,'World Renowned Soup, Al\'s Garden Vegetable','Water, Tomatoes (Tomatoes, Tomato Juice, Salt, Calcium Chloride & Citric Acid), Carrots, Celery, Brussel Sprouts, Onions, Potatoes, Zucchini, Parsnips, Cauliflower, Spinach, Edamame (Shelled Soybeans), Wax Beans, Turnips, Asparagus), Yellow Squash, Modified Food Starch, Bell Peppers, Tomato Paste, Garlic, Olive Oil, Butter, (Cream, Salt), Salt, Spices, Ginger, Pepper Sauce (Vinegar, Water, Red Peppers, Piquin Peppers, Salt, Spices, Xanthan Gum), Soybean Oil, Maltodextrin, Salt, Disodium Inosinate Guanylate, Natural Flavor, Sugar, Hydrolyzed Plant Protein (Hydrolyzed Corn Protein, Salt, Soybean Oil), Onion Powder.</p><p>Contains soy and milk ingredients.',70),
	(83,'World Renowned Soup, Al\'s Garden Vegetable','Water, Tomatoes (Tomatoes, Tomato Juice, Salt, Calcium Chloride & Citric Acid), Carrots, Celery, Brussel Sprouts, Onions, Potatoes, Zucchini, Parsnips, Cauliflower, Spinach, Edamame (Shelled Soybeans), Wax Beans, Turnips, Asparagus), Yellow Squash, Modified Food Starch, Bell Peppers, Tomato Paste, Garlic, Olive Oil, Butter, (Cream, Salt), Salt, Spices, Ginger, Pepper Sauce (Vinegar, Water, Red Peppers, Piquin Peppers, Salt, Spices, Xanthan Gum), Soybean Oil, Maltodextrin, Salt, Disodium Inosinate Guanylate, Natural Flavor, Sugar, Hydrolyzed Plant Protein (Hydrolyzed Corn Protein, Salt, Soybean Oil), Onion Powder.</p><p>Contains soy and milk ingredients.',70),
	(84,'World Renowned Soup, Al\'s Garden Vegetable','Water, Tomatoes (Tomatoes, Tomato Juice, Salt, Calcium Chloride & Citric Acid), Carrots, Celery, Brussel Sprouts, Onions, Potatoes, Zucchini, Parsnips, Cauliflower, Spinach, Edamame (Shelled Soybeans), Wax Beans, Turnips, Asparagus), Yellow Squash, Modified Food Starch, Bell Peppers, Tomato Paste, Garlic, Olive Oil, Butter, (Cream, Salt), Salt, Spices, Ginger, Pepper Sauce (Vinegar, Water, Red Peppers, Piquin Peppers, Salt, Spices, Xanthan Gum), Soybean Oil, Maltodextrin, Salt, Disodium Inosinate Guanylate, Natural Flavor, Sugar, Hydrolyzed Plant Protein (Hydrolyzed Corn Protein, Salt, Soybean Oil), Onion Powder.</p><p>Contains soy and milk ingredients.',70),
	(85,'World Renowned Soup, Al\'s Garden Vegetable','Water, Tomatoes (Tomatoes, Tomato Juice, Salt, Calcium Chloride & Citric Acid), Carrots, Celery, Brussel Sprouts, Onions, Potatoes, Zucchini, Parsnips, Cauliflower, Spinach, Edamame (Shelled Soybeans), Wax Beans, Turnips, Asparagus), Yellow Squash, Modified Food Starch, Bell Peppers, Tomato Paste, Garlic, Olive Oil, Butter, (Cream, Salt), Salt, Spices, Ginger, Pepper Sauce (Vinegar, Water, Red Peppers, Piquin Peppers, Salt, Spices, Xanthan Gum), Soybean Oil, Maltodextrin, Salt, Disodium Inosinate Guanylate, Natural Flavor, Sugar, Hydrolyzed Plant Protein (Hydrolyzed Corn Protein, Salt, Soybean Oil), Onion Powder.</p><p>Contains soy and milk ingredients.',70),
	(86,'Soup Mix Onion','Onions (Dehydrated), Salt, Maltodextrin, Cornstarch, Hydrolyzed Soya Protein, Onion Powder, Monosodium Glutamate, Caramel Color, Autolyzed Yeast, Partially Hydrogenated Soybean Oil, Disodium Inosinate and Disodium Guanylate.',69),
	(87,'Steak Burger, 85/15 Angus Extra Thick 1/3 Lb Patties','Beef and Natural Flavorings.',70),
	(88,'Popcorn','Chocolate (Sugar, Partially Hydrogenated Palm Kernel and Cottonseed Oils, Nonfat Dry Milk, Cocoa, Milk, Glycerol Lacto Esters of Fatty Acids, Soy Lecithin Added as an Emulsifier, Salt, Artificial Flavoring), Sugar, Glucose, Brown Sugar, Almonds, Cashews, Pecans, Popcorn, Salt, Soybean Oil, Coconut Oil.</p><p>May contain trace amounts of peanuts and/or other nuts.',70),
	(89,'Bar, Big Kat','Sugar, Cocoa Butter, Nonfat Milk, Chocolate, Flour, Refined Palm Kernel Oil, Lactose, and Milk Fat. Contains 2% or Less of: Soya Lecithin and PGPR (as Emulsifiers), Vanillin (an Artificial Flavoring), Yeast and Sodium Bicarbonate.</p><p>Allergy Information: Manufactured in a facility that processes peanuts.',69),
	(90,'Chocolate','Sugar, Powdered Milk, Cocoa Butter, Cocoa Mass, Vegetable Oil, Emulsifier Soya Lecithin, Flavoring, Cocoa.</p><p>May contain traces of peanuts, milk product, soy, and/or gluten.',69),
	(91,'Fruit Pie, Real, Cherry','Wheat Flour {Whole Wheat Flour and Enriched Flour (Niacin, Reduced Iron, Thiamin Mononitrate, Riboflavin, Folic Acid)}, High Fructose Corn Syrup, Corn Syrup, Cherries, Partially Hydrogenated Vegetable and/or Animal Shortening (May Contain Soybean Oil, Cottonseed Oil or Beef Fat), Water, Sugar, Tapioca Starch-Modified, Contains 2% or Less of the Following: Salt, Glycerine, Mono and Diglycerides, Dextrose, Sodium Stearoyl Lactylate, Corn Syrup Solids, Corn Starch, Agar Agar, Calcium Carbonate, Calcium Sulfate, Carboxymethyl Cellulose, Citric Acid, Sodium Propionate, Sodium Benzoate (to Retard Spoilage), Soybean Lecithin, Maltodextrin, Natural and Artificial Flavors, Red 40.</p><p>Allergen Information: Contains: wheat and soy. May contain pits.',69),
	(92,'Cookie Pie, Pecan','Brown Sugar, Pecans, Eggs, Corn Syrup, Butter, Vanilla and Cookie (Flour, Sugar, Butter, Eggs, Palm Oil, Cocoa Powder, Milk, Baking Soda (Sodium Bicarbonate)).</p><p>Contains: milk, wheat, eggs, tree nuts. Made in a facility that processes tree nuts, peanuts, wheat, milk, eggs, and soy.',69),
	(93,'Hershey\'s, Party Mix','Milk Chocolate (Sugar, Milk, Chocolate, Cocoa Butter, Lactose, Milk Fat, Soy Lecithin And Pgpr, Emulsifiers, And Vanillin, Artificial Flavor. Allergy Information: Manufactured On The Same Equipment That Processes Almonds. Sugar, Wheat Flour, Cocoa Butter, Nonfat Milk, Chocolate, Palm Kernel Oil, Lactose (Milk) Milk Fat, Contains 2% Or Less Of Soy Lecithin, Pgpr, Emulsifier, Vanillin, Artificial Flavor, Salt, Yeast, Sodium Bicarbonate. Allergy Information: Manufactured In A Facility That Also Processes Peanuts',69),
	(101,'Bread','Sprouted Organic Whole Wheat Berries, Filtered Water, Wheat Gluten, Organic Dates, Fresh Yeast, Sea Salt, Organic Raisins, Soy Based Lecithin, Cultured Wheat.</p><p>Allergens: wheat, soy.',69),
	(104,'Cookie Pie, Lemon, Midi','Butter, Sugar, Eggs, Lemon Juice, Corn Starch, Carob Bean Gum, Cellulose Gum, Agar, Salt, and Cookie (Flour, Sugar, Eggs, Palm Oil, Milk, Lemon Zest, Lemon Juice, Baking Soda (Sodium Bicarbonate).</p><p>Contains: eggs, milk, wheat. Made in a facility that processes tree nuts, peanuts, wheat, milk, eggs, and soy.',69),
	(105,'Fruit Pie, Real, Cherry','Wheat Flour {Whole Wheat Flour and Enriched Flour (Niacin, Reduced Iron, Thiamin Mononitrate, Riboflavin, Folic Acid)}, High Fructose Corn Syrup, Corn Syrup, Cherries, Partially Hydrogenated Vegetable and/or Animal Shortening (May Contain Soybean Oil, Cottonseed Oil or Beef Fat), Water, Sugar, Tapioca Starch-Modified, Contains 2% or Less of the Following: Salt, Glycerine, Mono and Diglycerides, Dextrose, Sodium Stearoyl Lactylate, Corn Syrup Solids, Corn Starch, Agar Agar, Calcium Carbonate, Calcium Sulfate, Carboxymethyl Cellulose, Citric Acid, Sodium Propionate, Sodium Benzoate (to Retard Spoilage), Soybean Lecithin, Maltodextrin, Natural and Artificial Flavors, Red 40.</p><p>Allergen Information: Contains: wheat and soy. May contain pits.',69),
	(106,'Cookie Pie, Caramel, Midi','Heavy Cream, Milk Chocolate (Sugar, Cocoa Butter, Chocolate Liquor, Milk, Soya Lecithin - an Emulsifier, Vanilla), Eggs, Butter, Corn Syrup, Sugar, Milk, Corn Starch, Brown Sugar, Invert Sugar, Salt, Vanilla, Soya Lecithin - an Emulsifier, and Cookie (Flour, Sugar, Butter, Eggs, Palm Oil, Milk, Cocoa Powder, Baking Soda (Sodium Bicarbonate)).</p><p>Contains: soy, milk, wheat, eggs. Made in a facility that processes tree nuts, peanuts, wheat, milk, eggs, and soy.',69),
	(107,'Fruit Pie, Real, Cherry','Wheat Flour {Whole Wheat Flour and Enriched Flour (Niacin, Reduced Iron, Thiamin Mononitrate, Riboflavin, Folic Acid)}, High Fructose Corn Syrup, Corn Syrup, Cherries, Partially Hydrogenated Vegetable and/or Animal Shortening (May Contain Soybean Oil, Cottonseed Oil or Beef Fat), Water, Sugar, Tapioca Starch-Modified, Contains 2% or Less of the Following: Salt, Glycerine, Mono and Diglycerides, Dextrose, Sodium Stearoyl Lactylate, Corn Syrup Solids, Corn Starch, Agar Agar, Calcium Carbonate, Calcium Sulfate, Carboxymethyl Cellulose, Citric Acid, Sodium Propionate, Sodium Benzoate (to Retard Spoilage), Soybean Lecithin, Maltodextrin, Natural and Artificial Flavors, Red 40.</p><p>Allergen Information: Contains: wheat and soy. May contain pits.',69),
	(108,'Cookie Pie, Pecan','Brown Sugar, Pecans, Eggs, Corn Syrup, Butter, Vanilla and Cookie (Flour, Sugar, Butter, Eggs, Palm Oil, Cocoa Powder, Milk, Baking Soda (Sodium Bicarbonate)).</p><p>Contains: milk, wheat, eggs, tree nuts. Made in a facility that processes tree nuts, peanuts, wheat, milk, eggs, and soy.',69),
	(109,'Grape-Nuts Flakes Cereal','Whole Grain Wheat, Wheat Flour, Sugar, Malted Barley Flour, High Oleic Vegetable Oil (Canola, or Sunflower Oil), Salt. Vitamins and Minerals: Reduced Iron, Niacinamide, Zinc Oxide (Source of Zinc), Vitamin B6, Vitamin A Palmitate, Riboflavin (Vitamin B2), Thiamin Mononitrate (Vitamin B1), Folic Acid, Vitamin B12, Vitamin D.</p><p>Contains: wheat.',69),
	(110,'Cereal, Cranberry Vanilla','Whole Grain Wheat Flour, Whole Grain Puffed Barley, Dried Cranberries, Whole Grain Rolled Oats, Brown Sugar, Sugar, Rice Flour, Malted Barley Flour, High Oleic Vegetable Oil (Canola or Sunflower Oil), Pea Protein, Glycerin (Retains Cranberry Moisture), Whole Grain Wheat, Corn Syrup, Salt, Whey (from Milk), Honey, Natural Flavor, Dried Yeast, BHT Added to Packaging Material to Preserve Product Freshness, Vitamins and Minerals: Reduced Iron, Niacinamide, Zinc Oxide (Source of Zinc), Vitamin B6, Vitamin A Palmitate, Riboflavin (Vitamin B2), Thiamin Mononitrate (Vitamin B1), Folic Acid, Vitamin B12, Vitamin D.</p><p>Contains: wheat, milk.',69),
	(111,'Clotted Cream, English Luxury','Pasteurized Clotted Cream, from Cow\'s Milk.',73),
	(112,'Pie, Chocolate Nut','Sugar, Enriched Wheat Flour (Wheat Flour, Niacin, Reduced Iron, Thiamin Mononitrate, Riboflavin, Folic Acid, Malted Barley Flour), Margarine (Liquid Soybean Oil & Partially Hydrogenated Soybean Oil, Water, Salt, Whey, Soy Lecithin, Sodium Benzoate & Citric Acid as Preservatives, Vegetable Mono & Diglycerides, Artificial Flavor, Colored with Beta Carotene, Vitamin A (Palmitate) Added), Walnuts, Eggs, Partially Hydrogenated Soybean & Cottonseed Oil, Semi-Sweet Chocolate (Sugar, Chocolate, Cocoa Butter, Butterfat, Soy Lecithin, Vanillin (Artificial Flavoring)), Butter (Milk & Salt), Vanilla Extract (Water, Alcohol, High Fructose Corn Syrup, Corn Syrup, Propylene Glycol, Vanillin, Caramel Color, Artificial Flavor, Heliotropine), Salt.</p><p>Contains milk, egg, soy, tree nut (walnut) and wheat ingredients.',69),
	(113,'Premium Ice Cream, Cookies & Cream','Milk, Cream, Corn Syrup, Liquid Sugar, Crushed Creme Filled Cookies (Sugar, Enriched Flour [Wheat Flour, Niacin, Reduced Iron, Thiamine Mononitrate, Riboflavin, Folic Acid], Vegetable Oil Shortening [Hydrogenated Soybean and/or Cottonseed Oils], Cocoa [Processed with Alkali], High Fructose Corn Syrup, Corn Flour, Salt, Dextrose, Sodium Bicarbonate, Soy Lecithin, Natural Flavor), Skim Milk, Buttermilk, Milkfat, Whey, Water, Vanilla Extract, Mono and Diglycerides, Cellulose Gum, Guar Gum, Carrageenan, Dextrose.</p><p>Allergens: Contains milk, soy and wheat.',69);

/*!40000 ALTER TABLE `searchHistory` ENABLE KEYS */;
UNLOCK TABLES;


# Dump of table users
# ------------------------------------------------------------

DROP TABLE IF EXISTS `users`;

CREATE TABLE `users` (
  `id` int(11) unsigned NOT NULL AUTO_INCREMENT,
  `username` varchar(15) DEFAULT NULL,
  `email` varchar(50) DEFAULT NULL,
  `password` varchar(50) DEFAULT NULL,
  PRIMARY KEY (`id`),
  KEY `username` (`username`)
) ENGINE=InnoDB DEFAULT CHARSET=latin1;

LOCK TABLES `users` WRITE;
/*!40000 ALTER TABLE `users` DISABLE KEYS */;

INSERT INTO `users` (`id`, `username`, `email`, `password`)
VALUES
	(1,NULL,NULL,NULL),
	(11,'user','',''),
	(16,'gvgcdd','dfsdfddwd','ghv'),
	(17,'dfgdafgadf','dfsdfd','ghv'),
	(18,'yetyeye','kaneisha@yahoo','dfdgf'),
	(19,'yetyeyettt','kaneisha@yahoo.com','dfdgf'),
	(29,'mmmm','mmm','ghv'),
	(30,'mmmm','mmm','ghv'),
	(31,'','',''),
	(32,'mmmm','',''),
	(33,'mmmm','mmm','ghv'),
	(34,'mmmm','mmm','ghv'),
	(35,'gvg','dfsdfd','48ac1b60506a763987115161659f8305'),
	(36,'mmmm','mmm@yahoo','c4efd5020cb49b9d3257ffa0fbccc0ae'),
	(37,'mmmm','mmm@yahoo.com','b90e1691e81dfc305ee9825538948931'),
	(38,'mmmm','mmmm@yahoo.com','a892c1b66c525d160c96c74968a92305'),
	(39,'kaykay','kaneisha.whipple@gmail.com','0748879bbc355b9048b9dd839e8feb76'),
	(40,'mmmm123','mmm123@yahoo.com','40176bac7dbbcf6a3490e5cf279974f7'),
	(41,'kaykay1','kaneisha1@yahoo.com','f377b4f62efd35fdcbc4787be0c82733'),
	(44,'rgfgsdg','sdfg@aol.com','ffcfc518452d05775511b73a5a8c64a1'),
	(67,'whip','whip@yahoo.com','0f2f38c63e0c2abfc57d53b601a0d353'),
	(68,'whippy','whipple@aol.com','9dd441c07375145b27cdf33c966fc1b1'),
	(69,'adam','adam@aol.com','1095ea306d2f5da860264ad8ad9ac0c0'),
	(70,'keke','keke@yahoo.com','85695794a0a7f28dc65ff511e0b8e6f4'),
	(71,'corann','aga@yahoo.com','d16834eeb08867099c904c5269b75c93'),
	(72,'anothradam','adam.gedney@gmail.com','5f4dcc3b5aa765d61d8327deb882cf99'),
	(73,'yoyo','yoyo@aol.com','6130bbc111f4e8a5df4ae1a409469d79');

/*!40000 ALTER TABLE `users` ENABLE KEYS */;
UNLOCK TABLES;



/*!40111 SET SQL_NOTES=@OLD_SQL_NOTES */;
/*!40101 SET SQL_MODE=@OLD_SQL_MODE */;
/*!40014 SET FOREIGN_KEY_CHECKS=@OLD_FOREIGN_KEY_CHECKS */;
/*!40101 SET CHARACTER_SET_CLIENT=@OLD_CHARACTER_SET_CLIENT */;
/*!40101 SET CHARACTER_SET_RESULTS=@OLD_CHARACTER_SET_RESULTS */;
/*!40101 SET COLLATION_CONNECTION=@OLD_COLLATION_CONNECTION */;
